"CFCIF#","CP6MIC","CP6MCD","CF6MI7","CF6MI6","CF6MR7","CF6MR6","CFVUSR","CFVDT6","CFVDT7","CFVTME"
I024031,"12",S1,2002037,60202,2003037,60203,BTN8130044,60202,2002037,75523
D035945,"12",SU,2002037,60202,2003037,60203,BTN8130044,60202,2002037,90513
M064441,"20",G3,2002037,60202,2003037,60203,BTN8130044,60202,2002037,93014
E032202,"12",SU,2002037,60202,2003037,60203,BTN8130044,60202,2002037,105310
M068387,"12",SU,2002037,60202,2003037,60203,BTN8130044,60202,2002037,133153
K017299,"12",SU,2002037,60202,2003037,60203,BTN8130044,60202,2002037,140038
R041686,"20",G2,2002038,70202,2003038,70203,BTN8130044,70202,2002038,90554
B020270,"20",G3,2002038,70202,2003038,70203,BTN8130044,70202,2002038,102549
B021685,"20",G4,2002038,70202,2003038,70203,BTN8130044,70202,2002038,111229
S131104,"12",S1,2002038,70202,2003038,70203,BTN0004778,70202,2002038,114827
S131103,"12",S2,2002038,70202,2003038,70203,BTN0004778,70202,2002038,125340
A075407,"20",G3,2002038,70202,2003038,70203,BTN8130044,70202,2002038,140040
E032417,"12",S1,2002038,70202,2003038,70203,BTN7500894,70202,2002038,153801
E031729,"12",S1,2002038,70202,2003038,70203,BTN7500894,70202,2002038,160351
E031793,"12",SU,2002038,70202,2003038,70203,BTN0005137,70202,2002038,162547
E031723,"12",SU,2002038,70202,2003038,70203,BTN7500894,70202,2002038,164252
E031703,"12",S1,2002038,70202,2003038,70203,BTN7500894,70202,2002038,165806
E032453,"12",SU,2002038,70202,2003038,70203,BTN0005137,70202,2002038,170601
N030684,"20",G4,2002038,70202,2003038,70203,BTN8130044,70202,2002038,172017
A069185,"12",SD,2002038,70202,2003038,70203,BTN8130044,70202,2002038,174732
A075412,"20",G3,2002039,80202,2003039,80203,BTN8130044,80202,2002039,80329
A071381,"12",S1,2002039,80202,2003039,80203,BTN0004778,80202,2002039,83752
A071110,"12",SU,2002039,80202,2003039,80203,BTN0004778,80202,2002039,91623
E032317,"12",SU,2002039,80202,2003039,80203,BTN0004778,80202,2002039,110812
F012576,"12",D1,2002039,80202,2003039,80203,BTN7500894,80202,2002039,163243
A069177,"12",SU,2002039,80202,2003039,80203,BTN8130044,80202,2002039,164749
P017169,"20",G2,2002039,80202,2003039,80203,BTN8130044,80202,2002039,165512
N030477,"12",S1,2002042,110202,2003042,110203,BTN8130044,110202,2002042,75636
T032480,"20",G4,2002042,110202,2003042,110203,BTN8130044,110202,2002042,85823
K017599,"12",SU,2002042,110202,2003042,110203,BTN8130044,110202,2002042,95815
S138339,"12",D1,2002042,110202,2003042,110203,BTN8130044,110202,2002042,113359
S129692,"12",SU,2002042,110202,2003042,110203,BTN8130044,110202,2002042,134830
G006040,"12",SD,2002042,110202,2003042,110203,BTN0002190,110202,2002042,152108
S129813,"12",S1,2002042,110202,2003042,110203,BTN8130044,110202,2002042,162330
H033019,"12",SU,2002043,120202,2003043,120203,BTN0005137,120202,2002043,84035
H033487,"20",G3,2002043,120202,2003043,120203,BTN0005137,120202,2002043,85946
H035113,"20",G3,2002043,120202,2003043,120203,BTN0002190,120202,2002043,94958
H032699,"12",S1,2002043,120202,2003043,120203,BTN0002190,120202,2002043,110210
P018360,"20",G4,2002043,120202,2003043,120203,BTN8130044,120202,2002043,112259
Y020466,"12",S1,2002043,120202,2003043,120203,BTN8130044,120202,2002043,121813
H032799,"12",SU,2002043,120202,2003043,120203,BTN7500894,120202,2002043,151843
H032754,"12",S1,2002043,120202,2003043,120203,BTN0002190,120202,2002043,153341
H032670,"12",SU,2002043,120202,2003043,120203,BTN7500894,120202,2002043,154806
H032742,"12",SU,2002043,120202,2003043,120203,BTN7500894,120202,2002043,160600
H032809,"20",G1,2002043,120202,2003043,120203,BTN0002190,120202,2002043,162415
I011556,"12",S1,2002043,120202,2003043,120203,BTN8130044,120202,2002043,165601
Y020630,"20",G3,2002043,120202,2003043,120203,BTN8130044,120202,2002043,173556
I024191,"20",G3,2002043,120202,2003043,120203,BTN8130044,120202,2002043,174901
I024271,"12",S1,2002043,120202,2003043,120203,BTN8130044,120202,2002043,175711
L016784,"20",G4,2002043,120202,2003043,120203,BTN8130044,120202,2002043,181401
H032746,"12",S1,2002044,130202,2003044,130203,BTN0005137,130202,2002044,83436
H033507,"20",G5,2002044,130202,2003044,130203,BTN0005137,130202,2002044,85233
R040847,"12",SU,2002044,130202,2003044,130203,BTN8130044,130202,2002044,113758
K003988,"20",G2,2002044,130202,2003044,130203,BTN8130044,130202,2002044,141256
M064722,"12",S1,2002044,130202,2003044,130203,BTN8130044,130202,2002044,145025
A070879,"12",S1,2002044,130202,2003044,130203,BTN8130044,130202,2002044,151915
G005996,"20",G4,2002044,130202,2003044,130203,BTN8130044,130202,2002044,154721
R041533,"20",G3,2002044,130202,2003044,130203,BTN8130044,130202,2002044,160700
I023757,"12",SU,2002044,130202,2003044,130203,BTN0002190,130202,2002044,161732
I023799,"12",SU,2002044,130202,2003044,130203,BTN0002190,130202,2002044,162338
R041408,"12",SU,2002044,130202,2003044,130203,BTN8130044,130202,2002044,163427
Y020525,"20",G3,2002045,140202,2003045,140203,BTN8130044,140202,2002045,80339
R043938,"12",S1,2002045,140202,2003045,140203,BTN8130044,140202,2002045,85234
I023797,"20",G4,2002045,140202,2003045,140203,BTN0002190,140202,2002045,100820
S127374,"12",SU,2002045,140202,2003045,140203,BTN8130044,140202,2002045,130938
W017223,"12",SU,2002045,140202,2003045,140203,BTN8130044,140202,2002045,142342
S130819,"12",SU,2002046,150202,2003046,150203,BTN0003350,150202,2002046,85854
S130577,"20",G1,2002046,150202,2003046,150203,BTN0003350,150202,2002046,95559
S130733,"12",D1,2002046,150202,2003046,150203,BTN0003350,150202,2002046,102851
E000599,"12",S2,2002046,150202,2003046,150203,BTN8130044,150202,2002046,105544
S138400,"20",G3,2002046,150202,2003046,150203,BTN0004327,150202,2002046,111013
F012774,"20",G4,2002046,150202,2003046,150203,BTN8130044,150202,2002046,115303
S130339,"12",S1,2002046,150202,2003046,150203,BTN0003350,150202,2002046,124232
R041674,"12",D1,2002046,150202,2003046,150203,BTN0004327,150202,2002046,143510
L016576,"12",S1,2002046,150202,2003046,150203,BTN8130044,150202,2002046,150618
A070401,"20",G3,2002046,150202,2003046,150203,BTN8130044,150202,2002046,151757
A070468,"12",SD,2002046,150202,2003046,150203,BTN8130044,150202,2002046,161840
R043999,"20",G2,2002046,150202,2003046,150203,BTN8130044,150202,2002046,170735
R040655,"12",D1,2002046,150202,2003046,150203,BTN8130044,150202,2002046,172709
D036619,"12",D1,2002049,180202,2003049,180203,BTN8130044,180202,2002049,142236
I023819,"12",D1,2002049,180202,2003049,180203,BTN0002190,180202,2002049,161246
R041805,"12",S1,2002049,180202,2003049,180203,BTN8130044,180202,2002049,163304
R040657,"12",S1,2002049,180202,2003049,180203,BTN0004327,180202,2002049,172732
R043903,"20",G5,2002049,180202,2003049,180203,BTN0004327,180202,2002049,175231
A099232,"12",S1,2002050,190202,2003050,190203,BTN8130044,190202,2002050,74855
S127381,"12",S1,2002050,190202,2003050,190203,BTN8130044,190202,2002050,95900
M064894,"12",S1,2002050,190202,2003050,190203,BTN0004778,190202,2002050,104933
M064804,"12",S1,2002050,190202,2003050,190203,BTN0004778,190202,2002050,113353
S127749,"20",G4,2002050,190202,2003050,190203,BTN8130044,190202,2002050,121234
T041680,"20",G4,2002050,190202,2003050,190203,BTN8130044,190202,2002050,122249
I023837,"20",G4,2002050,190202,2003050,190203,BTN0002190,190202,2002050,151443
T030463,"12",S1,2002050,190202,2003050,190203,BTN8130044,190202,2002050,152606
R042049,"20",G3,2002050,190202,2003050,190203,BTN8130044,190202,2002050,153617
I023824,"12",S1,2002050,190202,2003050,190203,BTN0002190,190202,2002050,155745
R044086,"20",G2,2002050,190202,2003050,190203,BTN8130044,190202,2002050,174036
R041774,"12",S1,2002050,190202,2003050,190203,BTN8130044,190202,2002050,175716
R041803,"20",G3,2002050,190202,2003050,190203,BTN8130044,190202,2002050,180433
A070595,"12",S1,2002050,190202,2003050,190203,BTN0003350,190202,2002050,181219
P017271,"20",G2,2002050,190202,2003050,190203,BTN0004327,190202,2002050,181808
M064712,"20",G3,2002051,200202,2003051,200203,BTN8130044,200202,2002051,80516
D036932,"20",G3,2002051,200202,2003051,200203,BTN8130044,200202,2002051,83008
R041842,"20",G5,2002051,200202,2003051,200203,BTN8130044,200202,2002051,85234
S131002,"12",S1,2002051,200202,2003051,200203,BTN0004778,200202,2002051,93433
P017339,"20",G4,2002051,200202,2003051,200203,BTN8130044,200202,2002051,95211
A070168,"12",S1,2002051,200202,2003051,200203,BTN8130044,200202,2002051,102512
S131182,"12",S1,2002051,200202,2003051,200203,BTN0004778,200202,2002051,105441
S131067,"12",SU,2002051,200202,2003051,200203,BTN0004778,200202,2002051,113830
S131043,"12",S1,2002051,200202,2003051,200203,BTN0004778,200202,2002051,115452
S131183,"12",SU,2002051,200202,2003051,200203,BTN0004778,200202,2002051,120746
C007416,"12",SU,2002051,200202,2003051,200203,BTN0004778,200202,2002051,125944
J015812,"12",SU,2002051,200202,2003051,200203,BTN0004778,80302,2002067,101409
J015622,"12",S1,2002051,200202,2003051,200203,BTN7500894,200202,2002051,151622
J015857,"12",SD,2002051,200202,2003051,200203,BTN7500894,200202,2002051,154434
R042123,"20",G5,2002051,200202,2003051,200203,BTN8130044,200202,2002051,174826
R041736,"20",G4,2002051,200202,2003051,200203,BTN8130044,200202,2002051,180601
N042500,"12",D1,2002052,210202,2003052,210203,BTN8130044,210202,2002052,112703
S173956,"12",D1,2002052,210202,2003052,210203,BTN8130044,210202,2002052,123812
M064140,"12",S3,2002052,210202,2003052,210203,BTN8130044,210202,2002052,152557
M086287,"20",G1,2002052,210202,2003052,210203,BTN8130044,210202,2002052,153008
S139529,"22",L1,2002054,230202,2003054,230203,BTN0005131,230202,2002054,112259
T034925,"20",G4,2002054,230202,2003054,230203,BTN0002886,230202,2002054,114945
R044625,"12",SU,2002054,230202,2003054,230203,BTN0002886,230202,2002054,120937
S138825,"20",G4,2002054,230202,2003054,230203,BTN0002886,230202,2002054,122133
E038011,"22",L1,2002054,230202,2003054,230203,BTN0005131,230202,2002054,123502
I026516,"12",SU,2002054,230202,2003054,230203,BTN0002886,230202,2002054,130028
E035317,"12",S1,2004203,210704,2004238,250804,BTN0004414,250804,2004238,113619
Y022898,"20",G5,2002054,230202,2003054,230203,BTN0005131,230202,2002054,132615
S149511,"12",SM,2002054,230202,2003054,230203,BTN0002770,230202,2002054,141112
S146356,"20",G3,2002054,230202,2003054,230203,BTN0005131,230202,2002054,142848
M073765,"12",S2,2002054,230202,2003054,230203,BTN0002770,230202,2002054,145029
H037006,"20",G4,2002054,230202,2003054,230203,BTN0005131,230202,2002054,150517
L019156,"12",SU,2002054,230202,2003054,230203,BTN0002770,230202,2002054,152450
Y023441,"20",G2,2002054,230202,2003054,230203,BTN0005131,230202,2002054,155941
J015775,"20",G4,2002056,250202,2003056,250203,BTN8130044,250202,2002056,92548
M086290,"12",S1,2002056,250202,2003056,250203,BTN8130044,250202,2002056,95223
N030796,"12",SU,2002056,250202,2003056,250203,BTN0004778,250202,2002056,120233
W018477,"20",G2,2002056,250202,2003056,250203,BTN0005131,250202,2002056,155103
A070752,"20",G2,2002056,250202,2003056,250203,BTN8130044,250202,2002056,180017
S146597,"20",G3,2002056,250202,2003056,250203,BTN0005131,250202,2002056,183652
T029807,"12",D1,2002057,260202,2003057,260203,BTN0004778,260202,2002057,92834
E034160,"20",G3,2002057,260202,2003057,260203,BTN0002770,260202,2002057,102312
P019279,"12",S1,2002057,260202,2003057,260203,BTN0002770,260202,2002057,131000
K017806,"12",S2,2002057,260202,2003057,260203,BTN0002190,260202,2002057,154731
K017783,"12",SU,2002057,260202,2003057,260203,BTN0005137,260202,2002057,155633
K018691,"12",SU,2002057,260202,2003057,260203,BTN0002190,260202,2002057,162716
K017804,"12",D1,2002057,260202,2003057,260203,BTN0002190,260202,2002057,163339
H032932,"12",S1,2002057,260202,2003057,260203,BTN8130044,260202,2002057,164006
S057553,"20",G3,2002057,260202,2003057,260203,BTN8130044,260202,2002057,171413
M067746,"20",G2,2002057,260202,2003057,260203,BTN8130044,260202,2002057,172758
A099303,"12",S1,2002058,270202,2003058,270203,BTN0004629,270202,2002058,80750
M063171,"12",S1,2002058,270202,2003058,270203,BTN8130044,270202,2002058,94522
D036742,"20",G3,2002058,270202,2003058,270203,BTN0004327,270202,2002058,105858
I024011,"12",S1,2002058,270202,2003058,270203,BTN0004327,270202,2002058,112740
F012694,"20",G3,2002058,270202,2003058,270203,BTN8130044,270202,2002058,115420
K017447,"12",S1,2002058,270202,2003058,270203,BTN0002190,270202,2002058,160323
I024219,"12",SU,2002058,270202,2003058,270203,BTN8130044,270202,2002058,175347
F012657,"20",G3,2002059,280202,2003059,280203,BTN8130044,280202,2002059,85417
R057136,"12",S1,2002059,280202,2003059,280203,BTN8130044,280202,2002059,104048
K023791,"12",S1,2002059,280202,2003059,280203,BTN8130044,280202,2002059,114557
M064363,"12",D1,2002059,280202,2003059,280203,BTN8130044,280202,2002059,141606
K017465,"12",S1,2002059,280202,2003059,280203,BTN0005137,280202,2002059,162635
Y021854,"20",G4,2002059,280202,2003059,280203,BTN8130044,280202,2002059,171731
D036154,"12",S1,2002060,10302,2003060,10303,BTN8130044,10302,2002060,94124
S131096,"12",S2,2002060,10302,2003060,10303,BTN0004778,10302,2002060,110330
H033283,"20",G4,2002060,10302,2003060,10303,BTN8130044,10302,2002060,111600
T030664,"20",G4,2002060,10302,2003060,10303,BTN8130044,10302,2002060,142833
T032431,"20",G3,2002060,10302,2003060,10303,BTN8130044,10302,2002060,153004
N070538,"12",S1,2002063,40302,2003063,40303,BTN8130044,40302,2002063,81055
C007336,"12",SU,2002063,40302,2003063,40303,BTN0004778,40302,2002063,91137
D094701,"12",S1,2002063,40302,2003063,40303,BTN8130044,40302,2002063,101153
T030717,"20",G3,2002063,40302,2003063,40303,BTN8130044,40302,2002063,114637
A071318,"12",S2,2002063,40302,2003063,40303,BTN0004778,40302,2002063,142452
A166287,"20",G4,2002063,40302,2003063,40303,BTN8130044,40302,2002063,145619
R087889,"11",DV,2002063,40302,2003063,40303,BTN0005254,40302,2002063,160735
R087889,"41",H1,2002063,40302,2003063,40303,BTN0005254,40302,2002063,160958
R041705,"12",D1,2002063,40302,2003063,40303,BTN8130044,40302,2002063,174651
M117807,"12",SU,2002064,50302,2003064,50303,BTN0004778,50302,2002064,85331
A166312,"12",SD,2002064,50302,2003064,50303,BTN8130044,50302,2002064,101145
A070892,"20",G5,2002064,50302,2003064,50303,BTN0003350,50302,2002064,113851
M117822,"12",S1,2002064,50302,2003064,50303,BTN0004778,50302,2002064,130744
M086355,"18",B ,2002064,50302,2003064,50303,BTN0004629,50302,2002064,141828
S145282,"12",SU,2002064,50302,2003064,50303,BTN0002886,50302,2002064,163231
E032069,"20",G4,2002065,60302,2003065,60303,BTN8130044,60302,2002065,91245
S127936,"20",G3,2002065,60302,2003065,60303,BTN0003350,60302,2002065,93534
S130570,"20",G2,2002065,60302,2003065,60303,BTN0003350,60302,2002065,100656
M064463,"12",SD,2002065,60302,2003065,60303,BTN8130044,60302,2002065,102549
S129675,"20",G3,2002065,60302,2003065,60303,BTN0003350,60302,2002065,104406
K017703,"12",SU,2002065,60302,2009065,60309,BTN0009169,300707,2007211,95926
S130025,"12",S1,2002065,60302,2003065,60303,BTN0003350,60302,2002065,114514
S127472,"12",SU,2002065,60302,2003065,60303,BTN0003350,60302,2002065,120456
S130734,"20",G2,2002065,60302,2003065,60303,BTN0003350,60302,2002065,122045
S137711,"12",S1,2002065,60302,2003065,60303,BTN0003350,60302,2002065,130855
S137417,"12",SU,2002065,60302,2003065,60303,BTN0003350,60302,2002065,132527
R041584,"20",G4,2002065,60302,2003065,60303,BTN0004327,60302,2002065,135016
S129443,"20",G3,2002065,60302,2003065,60303,BTN0003350,60302,2002065,141730
S127644,"12",D1,2002065,60302,2003065,60303,BTN0003350,60302,2002065,144200
M064697,"12",SM,2002065,60302,2003065,60303,BTN8130044,60302,2002065,150315
M064328,"12",D1,2002065,60302,2003065,60303,BTN8130044,60302,2002065,151354
M064714,"12",D1,2002065,60302,2003065,60303,BTN8130044,60302,2002065,153201
S129318,"20",G3,2002065,60302,2003065,60303,BTN0003350,60302,2002065,155645
S128056,"20",G3,2002065,60302,2003065,60303,BTN0003350,60302,2002065,163520
N030908,"12",SU,2002066,70302,2003066,70303,BTN0004778,70302,2002066,82451
Y033944,"22",L3,2002066,70302,2003066,70303,BTN8210090,70302,2002066,85717
R041326,"20",G4,2002066,70302,2003066,70303,BTN0004327,70302,2002066,101340
D036661,"12",D1,2002066,70302,2003066,70303,BTN0004327,70302,2002066,111901
S130044,"20",G3,2002066,70302,2003066,70303,BTN0004327,70302,2002066,112959
S129350,"12",SU,2002066,70302,2003066,70303,BTN8130044,70302,2002066,133802
S129958,"12",SU,2002066,70302,2003066,70303,BTN8130044,70302,2002066,134921
S127496,"20",G4,2002066,70302,2003066,70303,BTN8130044,70302,2002066,135901
S237951,"12",SU,2002066,70302,2003066,70303,BTN0004778,70302,2002066,141334
A033886,"12",SU,2001297,241001,2002297,241002,BTN0005428,241001,2001297,145646
M038366,"40",P3,2001304,311001,2002304,311002,BTN0004856,311001,2001304,141728
E019133,"12",S1,2001310,61101,2002310,61102,BTN0523917,61101,2001310,112542
R026762,"20",G3,2001319,151101,2002319,151102,BTN0523917,151101,2001319,95152
D037083,"12",SU,2001330,261101,2002330,261102,BTN0004777,261101,2001330,100601
S130828,"41",H1,2001330,261101,2002330,261102,BTN0004777,261101,2001330,104300
O003665,"12",SU,2001333,291101,2002333,291102,BTN0001529,291101,2001333,133508
O003665,"22",L1,2001333,291101,2002333,291102,BTN0001529,291101,2001333,133808
A069478,"15",BE,2001334,301101,2002334,301102,BTN0004756,301101,2001334,142916
D039142,"12",S1,2002009,90102,2003009,90103,BTN0003917,90102,2002009,101337
S085199,"12",SM,2001355,211201,2003009,90103,BTN0002078,90102,2002009,154328
E033992,"12",SU,2002011,110102,2003011,110103,BTN0003917,110102,2002011,110627
M068201,"12",SU,2002014,140102,2003014,140103,BTN0003917,140102,2002014,153527
H034938,"12",SU,2001332,281101,2003016,160103,BTN0002078,160102,2002016,113108
A070395,"12",D1,2002016,160102,2003016,160103,BTN0005137,160102,2002016,152520
S127494,"12",SU,2002022,220102,2003022,220103,BTN0004778,200202,2002051,93931
S129622,"20",G4,2002022,220102,2003022,220103,BTN8130044,220102,2002022,101307
K017674,"12",SU,2002022,220102,2003022,220103,BTN8130044,220102,2002022,131457
Y020474,"20",G3,2002022,220102,2003022,220103,BTN8130044,220102,2002022,145441
M068253,"12",SM,2002022,220102,2003022,220103,BTN8130044,220102,2002022,160443
L016327,"12",S2,2002023,230102,2003023,230103,BTN8130044,230102,2002023,81929
P017320,"12",S1,2002023,230102,2003023,230103,BTN8130044,230102,2002023,94404
P017301,"12",D1,2002023,230102,2003023,230103,BTN8130044,230102,2002023,100304
P017243,"20",G4,2002023,230102,2003023,230103,BTN8130044,230102,2002023,102515
H035039,"12",D1,2002023,230102,2003023,230103,BTN0002078,230102,2002023,104117
R041681,"12",S1,2002023,230102,2003023,230103,BTN8130044,230102,2002023,111220
T022270,"12",SD,2002023,230102,2003023,230103,BTN0002078,230102,2002023,114502
P017137,"12",SU,2002023,230102,2003023,230103,BTN8130044,230102,2002023,132253
P017294,"12",SU,2002023,230102,2003023,230103,BTN8130044,230102,2002023,135214
P016853,"12",D1,2002023,230102,2003023,230103,BTN8130044,230102,2002023,142209
T030688,"20",G1,2002023,230102,2003023,230103,BTN8130044,230102,2002023,151106
T030020,"12",D1,2002023,230102,2003023,230103,BTN8130044,230102,2002023,153855
T030723,"12",SU,2002023,230102,2003023,230103,BTN8130044,230102,2002023,161631
M038366,"12",SU,2001304,311001,2002304,311002,BTN0004856,311001,2001304,141510
M038366,"41",H1,2001304,311001,2002304,311002,BTN0004856,311001,2001304,141750
E019133,"20",G4,2001310,61101,2002310,61102,BTN0523917,61101,2001310,112642
F012798,"12",D1,2001330,261101,2002330,261102,BTN0004777,261101,2001330,93951
D037083,"18",B ,2001330,261101,2002330,261102,BTN0004777,261101,2001330,100616
W017291,"11",DV,2001330,261101,2002330,261102,BTN0004777,261101,2001330,105647
O003665,"15",BZ,2001333,291101,2002333,291102,BTN0001529,291101,2001333,133533
O003665,"40",P3,2001333,291101,2002333,291102,BTN0001529,291101,2001333,133856
A069478,"15",BJ,2001334,301101,2002334,301102,BTN0004756,301101,2001334,142925
D039142,"20",G2,2002009,90102,2003009,90103,BTN0003917,90102,2002009,101430
S085173,"12",SM,2001357,231201,2003009,90103,BTN0002078,90102,2002009,155653
B013557,"12",SD,2001323,191101,2003011,110103,BTN0002078,110102,2002011,151025
A070388,"12",S1,2002015,150102,2003015,150103,BTN0005137,150102,2002015,160023
A071072,"12",SU,2002016,160102,2003016,160103,BTN0005137,160102,2002016,140100
A070395,"20",G2,2002016,160102,2003016,160103,BTN0005137,160102,2002016,152532
S127494,"20",G4,2002022,220102,2003022,220103,BTN8130044,220102,2002022,92521
A075256,"12",SM,2002022,220102,2003022,220103,BTN8130044,220102,2002022,112200
S090209,"12",D1,2002022,220102,2003022,220103,BTN8130044,220102,2002022,135834
M068204,"12",S2,2002022,220102,2003022,220103,BTN0002078,220102,2002022,152057
F013511,"12",SU,2002022,220102,2003022,220103,BTN8130044,220102,2002022,160830
L016327,"20",G3,2002023,230102,2003023,230103,BTN8130044,230102,2002023,81944
P017320,"20",G2,2002023,230102,2003023,230103,BTN8130044,230102,2002023,94416
I025653,"12",SU,2002023,230102,2003023,230103,BTN0002078,230102,2002023,100323
P017335,"12",S1,2002023,230102,2003023,230103,BTN8130044,230102,2002023,103001
P017352,"12",SU,2002023,230102,2003023,230103,BTN8130044,230102,2002023,104500
P016927,"12",S1,2002023,230102,2003023,230103,BTN8130044,230102,2002023,111458
P016922,"12",D1,2002023,230102,2003023,230103,BTN8130044,230102,2002023,114857
P016867,"12",SU,2002023,230102,2003023,230103,BTN8130044,230102,2002023,132611
P017307,"12",S1,2002023,230102,2003023,230103,BTN8130044,230102,2002023,135633
P016853,"20",G1,2002023,230102,2003023,230103,BTN8130044,230102,2002023,142227
T030711,"12",D1,2002023,230102,2003023,230103,BTN8130044,230102,2002023,151753
E023363,"12",S1,2002023,230102,2003023,230103,BTN0002078,230102,2002023,153957
T030472,"12",SD,2002023,230102,2003023,230103,BTN8130044,230102,2002023,162228
T030390,"12",SU,2002023,230102,2003023,230103,BTN8130044,230102,2002023,165734
A069799,"12",D1,2002023,230102,2003023,230103,BTN0005137,230102,2002023,173227
A071505,"20",G3,2002023,230102,2003023,230103,BTN0002190,230102,2002023,180720
A071547,"12",D1,2002023,230102,2003023,230103,BTN0005137,230102,2002023,182403
A069875,"12",S1,2002023,230102,2003023,230103,BTN0005137,230102,2002023,184007
A070099,"12",S1,2002023,230102,2003023,230103,BTN0002190,230102,2002023,190404
T030013,"12",D1,2002024,240102,2003024,240103,BTN8130044,240102,2002024,84035
T032252,"12",D1,2002024,240102,2003024,240103,BTN8130044,240102,2002024,92943
T030318,"12",SU,2002024,240102,2003024,240103,BTN8130044,240102,2002024,101254
T030724,"12",SU,2002024,240102,2003024,240103,BTN8130044,240102,2002024,102847
T030563,"20",G3,2002024,240102,2003024,240103,BTN8130044,240102,2002024,110112
T029927,"20",G2,2002024,240102,2003024,240103,BTN8130044,240102,2002024,132246
T029860,"20",G2,2002024,240102,2003024,240103,BTN8130044,240102,2002024,134017
T030723,"20",G2,2002024,240102,2003024,240103,BTN8130044,240102,2002024,135944
T030510,"12",S1,2002024,240102,2003024,240103,BTN8130044,240102,2002024,141846
A069116,"12",D1,2002024,240102,2003024,240103,BTN8130044,240102,2002024,144728
A069846,"12",SU,2002024,240102,2003024,240103,BTN7500894,240102,2002024,152608
A071512,"12",S1,2002024,240102,2003024,240103,BTN0002190,240102,2002024,155001
A070028,"20",G1,2002024,240102,2003024,240103,BTN0002190,240102,2002024,155730
A069905,"12",S1,2002024,240102,2003024,240103,BTN7500894,240102,2002024,161334
A069838,"12",D1,2002024,240102,2003024,240103,BTN0005137,240102,2002024,162602
A069535,"12",SU,2002024,240102,2003024,240103,BTN0005137,240102,2002024,163802
A071303,"12",S1,2002024,240102,2003024,240103,BTN7500894,240102,2002024,164948
A070016,"12",S1,2002024,240102,2003024,240103,BTN0005137,240102,2002024,170648
A070034,"12",D1,2002024,240102,2003024,240103,BTN0002190,240102,2002024,172741
M064499,"20",G1,2002025,250102,2003025,250103,BTN8130044,250102,2002025,91429
A071005,"12",SU,2002025,250102,2003025,250103,BTN0003350,250102,2002025,101927
A070836,"12",S1,2002025,250102,2003025,250103,BTN0003350,250102,2002025,111558
A070456,"12",SU,2002025,250102,2003025,250103,BTN0003350,250102,2002025,113545
A070450,"12",S1,2002025,250102,2003025,250103,BTN0003350,250102,2002025,133512
A074711,"12",SU,2002025,250102,2003025,250103,BTN0003350,250102,2002025,145618
A070833,"20",G3,2002025,250102,2003025,250103,BTN0002190,250102,2002025,152847
A069945,"12",SD,2002025,250102,2003025,250103,BTN0005137,250102,2002025,160145
A069735,"12",S1,2002025,250102,2003025,250103,BTN0002190,250102,2002025,161346
A069906,"12",S1,2002025,250102,2003025,250103,BTN0005137,250102,2002025,162619
A071504,"12",SU,2002025,250102,2003025,250103,BTN0002190,250102,2002025,163503
A069977,"12",S1,2002025,250102,2003025,250103,BTN0005137,250102,2002025,164923
A070052,"12",SM,2002025,250102,2003025,250103,BTN0002190,250102,2002025,170202
A071526,"20",G2,2002025,250102,2003025,250103,BTN0002190,250102,2002025,171003
S127502,"12",SM,2002025,250102,2003025,250103,BTN8130044,250102,2002025,172130
A069983,"20",G2,2002025,250102,2003025,250103,BTN0005137,250102,2002025,173536
S130517,"12",S1,2002025,250102,2003025,250103,BTN8130044,250102,2002025,175116
A070056,"20",G3,2002025,250102,2003025,250103,BTN0002190,250102,2002025,180912
B019974,"12",S1,2002025,250102,2003025,250103,BTN0002190,250102,2002025,183912
R044273,"20",G1,2002028,280102,2003028,280103,BTN8130044,280102,2002028,120733
E031829,"12",SU,2002028,280102,2003028,280103,BTN8130044,280102,2002028,141059
D036016,"20",G3,2002028,280102,2003028,280103,BTN8130044,280102,2002028,145956
B019969,"12",SU,2002028,280102,2003028,280103,BTN0002190,280102,2002028,151618
C007390,"20",G3,2002028,280102,2003028,280103,BTN8130044,280102,2002028,153328
B020417,"20",G3,2002028,280102,2003028,280103,BTN7500894,280102,2002028,154040
B019916,"12",S2,2002028,280102,2003028,280103,BTN7500894,280102,2002028,155023
N032580,"20",G4,2002028,280102,2003028,280103,BTN8130044,280102,2002028,160102
A075268,"12",SU,2002028,280102,2003028,280103,BTN8130044,280102,2002028,160500
N030245,"12",SU,2002028,280102,2003028,280103,BTN0002190,280102,2002028,160847
A075253,"12",SU,2002028,280102,2003028,280103,BTN8130044,280102,2002028,161847
E032251,"12",SU,2002029,290102,2003029,290103,BTN8130044,290102,2002029,92332
H032564,"12",D1,2002029,290102,2003029,290103,BTN8130044,290102,2002029,110137
R044287,"12",S1,2002029,290102,2003029,290103,BTN8130044,290102,2002029,135921
Z002421,"20",G3,2002029,290102,2003029,290103,BTN8130044,290102,2002029,144632
H035234,"20",G4,2002029,290102,2003029,290103,BTN8130044,290102,2002029,151912
S138158,"12",SU,2002029,290102,2003029,290103,BTN8130044,290102,2002029,153008
S130728,"12",SU,2002029,290102,2003029,290103,BTN8130044,290102,2002029,153633
D036446,"20",G4,2002029,290102,2003029,290103,BTN0002190,290102,2002029,155443
D036371,"12",SU,2002029,290102,2003029,290103,BTN0005137,290102,2002029,161744
D039171,"12",S1,2002029,290102,2003029,290103,BTN0005137,290102,2002029,162946
D036488,"12",SU,2002029,290102,2003029,290103,BTN0002190,290102,2002029,163655
D036403,"12",SU,2002029,290102,2003029,290103,BTN7500894,290102,2002029,164459
D036538,"12",SU,2002029,290102,2003029,290103,BTN0005137,290102,2002029,165538
S129088,"12",S1,2002029,290102,2003029,290103,BTN0003350,290102,2002029,192752
E024447,"12",D1,2002015,150102,2003030,300103,BTN0002078,300102,2002030,95120
D037369,"12",SM,2002030,300102,2003030,300103,BTN0002190,300102,2002030,160301
D036422,"12",S1,2002030,300102,2003030,300103,BTN0002190,300102,2002030,164908
S128677,"20",G2,2002030,300102,2003030,300103,BTN0003350,300102,2002030,172542
M063968,"20",G4,2002030,300102,2003030,300103,BTN0003350,300102,2002030,174513
A070320,"12",SU,2002030,300102,2003030,300103,BTN0004327,300102,2002030,180311
N032610,"20",G4,2002030,300102,2003030,300103,BTN0003350,300102,2002030,191357
K017518,"20",G4,2002030,300102,2003030,300103,BTN0004327,300102,2002030,193613
L016333,"20",G2,2002031,310102,2003031,310103,BTN8130044,310102,2002031,75357
S128147,"20",G4,2002031,310102,2003031,310103,BTN8130044,310102,2002031,81311
S130546,"12",S1,2002031,310102,2003031,310103,BTN0003350,310102,2002031,84802
S127713,"20",G4,2002031,310102,2003031,310103,BTN0003350,310102,2002031,92148
R041641,"12",SU,2002031,310102,2003031,310103,BTN8130044,310102,2002031,95020
W017292,"20",G3,2002031,310102,2003031,310103,BTN8130044,310102,2002031,100519
S129938,"12",D1,2002031,310102,2003031,310103,BTN8130044,310102,2002031,102712
S129752,"20",G3,2002031,310102,2003031,310103,BTN8130044,310102,2002031,103833
L016716,"12",SU,2002031,310102,2003031,310103,BTN8130044,310102,2002031,130731
S129690,"12",S1,2002031,310102,2003031,310103,BTN0003350,310102,2002031,133135
J015790,"20",G3,2002031,310102,2003031,310103,BTN8130044,310102,2002031,134835
S128179,"12",SU,2002031,310102,2003031,310103,BTN0003350,310102,2002031,140600
R042152,"12",D1,2002031,310102,2003031,310103,BTN8130044,310102,2002031,142209
S129968,"12",S1,2002031,310102,2003031,310103,BTN8130044,310102,2002031,143527
S130835,"20",G2,2002031,310102,2003031,310103,BTN0003350,310102,2002031,144251
D036493,"20",G2,2002031,310102,2003031,310103,BTN0002190,310102,2002031,163529
D037376,"12",SU,2002031,310102,2003031,310103,BTN7500894,310102,2002031,164820
D036496,"12",S1,2002031,310102,2003031,310103,BTN0002190,310102,2002031,170112
D036500,"12",SM,2002031,310102,2003031,310103,BTN7500894,310102,2002031,171306
D036413,"20",G3,2002031,310102,2003031,310103,BTN7500894,310102,2002031,172207
H033064,"12",S1,2002031,310102,2003031,310103,BTN0003350,310102,2002031,193848
A071093,"12",S1,2002032,10202,2003032,10203,BTN0004327,10202,2002032,90324
E034060,"12",S1,2002025,250102,2003032,10203,BTN0002078,10202,2002032,92943
R041391,"20",G5,2002032,10202,2003032,10203,BTN0003350,10202,2002032,101938
A070286,"12",SU,2002032,10202,2003032,10203,BTN0004327,10202,2002032,103549
A069993,"20",G3,2002032,10202,2003032,10203,BTN0004327,10202,2002032,110208
R041748,"12",SU,2002032,10202,2003032,10203,BTN0003350,10202,2002032,111724
R041825,"20",G3,2002032,10202,2003032,10203,BTN0003350,10202,2002032,114202
S129336,"12",SM,2002032,10202,2003032,10203,BTN8130044,10202,2002032,123947
A070216,"20",G3,2002032,10202,2003032,10203,BTN0004327,10202,2002032,133204
M067992,"12",S1,2002015,150102,2003032,10203,BTN0002078,10202,2002032,135709
R041822,"12",S1,2002032,10202,2003032,10203,BTN0003350,10202,2002032,142140
A069018,"12",D1,2002032,10202,2003032,10203,BTN0004327,10202,2002032,151527
A070691,"20",G3,2002032,10202,2003032,10203,BTN0004327,10202,2002032,163645
A075019,"12",SD,2002035,40202,2003035,40203,BTN0003350,40202,2002035,100939
A069011,"20",G2,2002035,40202,2003035,40203,BTN0003350,40202,2002035,102819
Y021880,"12",S1,2002035,40202,2003035,40203,BTN0003350,40202,2002035,193438
C007207,"12",S1,2002036,50202,2003036,50203,BTN0003350,50202,2002036,83155
N030753,"12",D1,2002036,50202,2003036,50203,BTN8130044,50202,2002036,85221
L017638,"12",S1,2002036,50202,2003036,50203,BTN0003917,50202,2002036,91717
R041520,"20",G3,2002036,50202,2003036,50203,BTN8130044,50202,2002036,93449
U006913,"12",SM,2002036,50202,2003036,50203,BTN0003350,50202,2002036,95111
W017189,"12",D1,2002036,50202,2003036,50203,BTN8130044,50202,2002036,102406
S130866,"20",G3,2002036,50202,2003036,50203,BTN8130044,50202,2002036,113445
W017226,"12",S1,2002036,50202,2003036,50203,BTN8130044,50202,2002036,142847
K017694,"20",G3,2002036,50202,2003036,50203,BTN0003350,50202,2002036,145933
A070446,"20",G3,2002036,50202,2003036,50203,BTN0003350,50202,2002036,153414
R041591,"12",SU,2002036,50202,2003036,50203,BTN8130044,50202,2002036,155719
B020011,"12",SU,2002036,50202,2003036,50203,BTN0003350,50202,2002036,161327
E031605,"12",S1,2002036,50202,2003036,50203,BTN7500894,50202,2002036,171205
E032473,"20",G3,2002036,50202,2003036,50203,BTN7500894,50202,2002036,174318
E031653,"20",G2,2002036,50202,2003036,50203,BTN0002190,50202,2002036,180520
S137732,"12",S1,2002066,70302,2003066,70303,BTN8130044,70302,2002066,145041
L007321,"22",L3,2002066,70302,2003066,70303,BTN0003214,70302,2002066,152324
A011848,"20",G3,2002066,70302,2003066,70303,BTN0004936,70302,2002066,180335
G012102,"12",S1,2002067,80302,2003067,80303,BTN8130044,80302,2002067,90100
D094843,"20",G4,2002067,80302,2003067,80303,BTN8130044,80302,2002067,101636
N030688,"20",G2,2002067,80302,2003067,80303,BTN0004327,80302,2002067,102846
R041985,"12",SU,2002067,80302,2003067,80303,BTN0004778,80302,2002067,112502
N030461,"12",SU,2002067,80302,2003067,80303,BTN0004327,80302,2002067,113607
N029976,"12",D1,2002067,80302,2003067,80303,BTN0004327,80302,2002067,131451
N030449,"20",G2,2002067,80302,2003067,80303,BTN0004327,80302,2002067,134148
N030589,"20",G4,2002067,80302,2003067,80303,BTN0004327,80302,2002067,143055
D037019,"20",G2,2002067,80302,2003067,80303,BTN8130044,80302,2002067,151527
S238000,"20",G2,2002067,80302,2003067,80303,BTN8130044,80302,2002067,162226
W036741,"40",P1,2002065,60302,2003067,80303,BTN0004936,80302,2002067,180929
K037259,"12",S1,2002070,110302,2003070,110303,BTN8130044,110302,2002070,92144
F012827,"12",D1,2002070,110302,2003070,110303,BTN0004778,110302,2002070,103030
M064444,"20",G2,2002070,110302,2003070,110303,BTN8130044,110302,2002070,114212
N030384,"12",S1,2002070,110302,2003070,110303,BTN8130044,110302,2002070,125504
R088009,"12",D1,2002070,110302,2003070,110303,BTN0003350,110302,2002070,151927
K017401,"12",SM,2002070,110302,2003070,110303,BTN0005137,110302,2002070,161252
I062662,"18",B ,2002070,110302,2003070,110303,BTN0004936,110302,2002070,163921
M064685,"12",SU,2002070,110302,2003070,110303,BTN8130044,110302,2002070,165914
S237682,"11",BR,2002070,110302,2003070,110303,BTN0004936,110302,2002070,191322
H021524,"12",D1,2002071,120302,2003071,120303,BTN8130044,120302,2002071,80634
D036709,"12",SU,2002071,120302,2003071,120303,BTN8130044,120302,2002071,92120
T013510,"20",G3,2002071,120302,2003071,120303,BTN8130044,120302,2002071,104658
R088037,"12",SU,2002071,120302,2003071,120303,BTN0004327,120302,2002071,140804
M064733,"20",G3,2002071,120302,2003071,120303,BTN8130044,120302,2002071,142712
M063059,"12",SU,2002071,120302,2003071,120303,BTN0004327,120302,2002071,145408
D036384,"20",G5,2002071,120302,2003071,120303,BTN0004327,120302,2002071,150115
S238141,"12",SU,2002071,120302,2003071,120303,BTN8130044,120302,2002071,153024
A068985,"20",G3,2002071,120302,2003071,120303,BTN8130044,120302,2002071,160918
G006245,"20",G4,2002072,130302,2003072,130303,BTN8130044,130302,2002072,75848
C007367,"12",SU,2002072,130302,2003072,130303,BTN8130044,130302,2002072,95746
E032183,"20",G2,2002072,130302,2003072,130303,BTN0004327,130302,2002072,115215
C007394,"20",G3,2002072,130302,2003072,130303,BTN0003350,130302,2002072,132257
S130369,"12",S1,2002072,130302,2003072,130303,BTN0004327,130302,2002072,135521
C007232,"20",G3,2002072,130302,2003072,130303,BTN0003350,130302,2002072,141242
A030274,"20",G3,2002072,130302,2003072,130303,BTN0003214,130302,2002072,151503
C007397,"12",D1,2002072,130302,2003072,130303,BTN8130044,130302,2002072,153213
K020419,"12",SU,2002072,130302,2003072,130303,BTN0002770,130302,2002072,171423
E035864,"20",G3,2002072,130302,2003072,130303,BTN0002770,130302,2002072,173903
T069280,"12",SU,2002072,130302,2003072,130303,BTN0004629,130302,2002072,181136
D094742,"12",S1,2002073,140302,2003073,140303,BTN0002078,140302,2002073,81355
H045463,"12",SU,2002073,140302,2003073,140303,BTN0002078,140302,2002073,92019
S129579,"12",SU,2002073,140302,2003073,140303,BTN0003350,140302,2002073,110335
N030213,"12",D1,2002073,140302,2003073,140303,BTN0004327,140302,2002073,124124
D036752,"12",S1,2002073,140302,2003073,140303,BTN8130044,140302,2002073,144721
S127493,"12",SU,2002073,140302,2003073,140303,BTN8130044,140302,2002073,162639
C007379,"12",S2,2002073,140302,2003073,140303,BTN8130044,140302,2002073,165738
A071034,"12",SU,2002077,180302,2003077,180303,BTN8130044,180302,2002077,84721
H032955,"20",G3,2002077,180302,2003077,180303,BTN0003350,180302,2002077,100053
H032477,"20",G3,2002077,180302,2003077,180303,BTN0003350,180302,2002077,110633
H032990,"20",G3,2002077,180302,2003077,180303,BTN0003350,180302,2002077,114300
H033300,"20",G3,2002077,180302,2003077,180303,BTN0003350,180302,2002077,120420
S130150,"12",SU,2002077,180302,2003077,180303,BTN0004327,180302,2002077,134152
H032344,"20",G3,2002077,180302,2003077,180303,BTN0003350,180302,2002077,140320
H032988,"20",G3,2002077,180302,2003077,180303,BTN0003350,180302,2002077,143448
I024082,"12",D1,2002077,180302,2003077,180303,BTN8130044,180302,2002077,145804
H033287,"20",G2,2002077,180302,2003077,180303,BTN0003350,180302,2002077,151526
H032401,"12",SU,2002077,180302,2003077,180303,BTN0003350,180302,2002077,153108
H033246,"12",S1,2002077,180302,2003077,180303,BTN0003350,180302,2002077,162355
H033058,"20",G2,2002077,180302,2003077,180303,BTN0003350,180302,2002077,164426
H011676,"12",S1,2002077,180302,2003077,180303,BTN0003350,180302,2002077,171325
I023670,"20",G4,2002077,180302,2003077,180303,BTN8130044,180302,2002077,181033
D095098,"12",S1,2002078,190302,2003078,190303,BTN8130044,190302,2002078,91202
M064171,"20",G3,2002078,190302,2003078,190303,BTN8130044,190302,2002078,111419
R046913,"20",G2,2002078,190302,2003078,190303,BTN0002770,190302,2002078,122100
M064360,"12",S1,2002078,190302,2003078,190303,BTN8130044,190302,2002078,143905
M064551,"12",SM,2002078,190302,2003078,190303,BTN8130044,190302,2002078,150026
L016898,"12",D1,2002078,190302,2003078,190303,BTN0005137,190302,2002078,153220
H032906,"20",G2,2002078,190302,2003078,190303,BTN8130044,190302,2002078,154233
H035017,"12",D1,2002078,190302,2003078,190303,BTN8130044,190302,2002078,155206
H032580,"20",G4,2002078,190302,2003078,190303,BTN8130044,190302,2002078,173014
H035150,"20",G4,2002078,190302,2003078,190303,BTN8130044,190302,2002078,174346
H032516,"20",G3,2002078,190302,2003078,190303,BTN8130044,190302,2002078,180648
M064693,"12",S1,2002079,200302,2003079,200303,BTN8130044,200302,2002079,82347
A166710,"20",G3,2002079,200302,2003079,200303,BTN8130044,200302,2002079,90643
M063320,"12",SM,2002079,200302,2003079,200303,BTN8130044,200302,2002079,112426
Y029520,"12",SU,2002079,200302,2003079,200303,BTN0004629,200302,2002079,125854
S238433,"12",SU,2002079,200302,2003079,200303,BTN8130044,200302,2002079,133901
M038366,"18",B ,2001304,311001,2002304,311002,BTN0004856,311001,2001304,141621
H019456,"12",S1,2001305,11101,2002305,11102,BTN0114452,11101,2001305,105801
R026752,"12",SU,2001312,81101,2002312,81102,BTN0523917,81101,2001312,113651
F012798,"20",G2,2001330,261101,2002330,261102,BTN0004777,261101,2001330,94053
S130828,"11",DV,2001330,261101,2002330,261102,BTN0004777,261101,2001330,103925
D037060,"12",SU,2001330,261101,2002330,261102,BTN0004777,261101,2001330,112150
O003665,"19",K1,2001333,291101,2002333,291102,BTN0001529,291101,2001333,133652
O003665,"44",H1,2001333,291101,2002333,291102,BTN0001529,291101,2001333,134018
A069478,"19",K1,2001334,301101,2002334,301102,BTN0004756,301101,2001334,143139
E012680,"20",G3,2002009,90102,2003009,90103,BTN0004637,90102,2002009,112303
A048896,"12",SU,2001348,141201,2003010,100103,BTN0002078,100102,2002010,100432
T032225,"12",D1,2002014,140102,2003014,140103,BTN0003917,140102,2002014,142827
S130486,"20",G3,2002016,160102,2008016,160108,BTN0009169,40907,2007247,164147
A070609,"12",D1,2002016,160102,2003016,160103,BTN0005137,160102,2002016,142041
A072054,"12",SU,2002016,160102,2003016,160103,BTN0005137,160102,2002016,154020
L016793,"12",S1,2002022,220102,2003022,220103,BTN8130044,220102,2002022,94907
A071045,"20",G4,2002022,220102,2003022,220103,BTN8130044,220102,2002022,113623
K017297,"12",SU,2002022,220102,2003022,220103,BTN8130044,220102,2002022,143150
A071029,"12",SM,2002022,220102,2003022,220103,BTN8130044,220102,2002022,154210
A069210,"12",D1,2002022,220102,2003022,220103,BTN8130044,220102,2002022,163526
S137527,"12",S1,2002022,220102,2003023,230103,BTN0002078,230102,2002023,93720
M067957,"12",SU,2002022,220102,2003023,230103,BTN0002078,230102,2002023,95001
P017217,"12",SU,2002023,230102,2003023,230103,BTN8130044,230102,2002023,102025
P017300,"12",S1,2002023,230102,2003023,230103,BTN8130044,230102,2002023,103718
P016980,"20",G2,2002023,230102,2003023,230103,BTN8130044,230102,2002023,104913
P018155,"12",S1,2002023,230102,2003023,230103,BTN8130044,230102,2002023,112951
P017187,"12",SU,2002023,230102,2003023,230103,BTN8130044,230102,2002023,130501
P017310,"12",S1,2002023,230102,2003023,230103,BTN8130044,230102,2002023,133638
J015653,"20",G1,2002023,230102,2003023,230103,BTN8130044,230102,2002023,141126
T030668,"20",G2,2002023,230102,2003023,230103,BTN8130044,230102,2002023,145850
T032326,"12",SU,2002023,230102,2003023,230103,BTN8130044,230102,2002023,152729
S093504,"12",D1,2002023,230102,2003023,230103,BTN0002078,230102,2002023,155234
T030297,"12",S1,2002023,230102,2003023,230103,BTN8130044,230102,2002023,163127
T030385,"20",G3,2002023,230102,2003023,230103,BTN8130044,230102,2002023,171140
F012429,"20",G4,2002023,230102,2003023,230103,BTN8130044,230102,2002023,173745
A069855,"12",SU,2002023,230102,2012023,230112,BTN8020169,140410,2010104,151250
A069844,"12",SU,2002023,230102,2003023,230103,BTN0005137,230102,2002023,182819
A069888,"20",G2,2002023,230102,2003023,230103,BTN0002190,230102,2002023,184131
A071430,"20",G2,2002023,230102,2003023,230103,BTN0005137,230102,2002023,194114
T029856,"12",S1,2002024,240102,2003024,240103,BTN8130044,240102,2002024,90037
T030592,"20",G3,2002024,240102,2003024,240103,BTN8130044,240102,2002024,94218
T030366,"12",SU,2002024,240102,2003024,240103,BTN8130044,240102,2002024,101931
T030680,"12",SD,2002024,240102,2003024,240103,BTN8130044,240102,2002024,104250
T030610,"12",SU,2002024,240102,2003024,240103,BTN8130044,240102,2002024,115600
T030012,"20",G4,2002024,240102,2003024,240103,BTN8130044,240102,2002024,133140
T030375,"12",SU,2002024,240102,2003024,240103,BTN8130044,240102,2002024,134556
I024005,"20",G3,2002024,240102,2003024,240103,BTN8130044,230502,2002143,170512
A070555,"20",G3,2002024,240102,2003024,240103,BTN8130044,240102,2002024,142950
A070130,"12",S1,2002024,240102,2003024,240103,BTN8130044,240102,2002024,151047
A069871,"12",SU,2002024,240102,2003024,240103,BTN7500894,240102,2002024,153344
A069890,"12",S1,2002024,240102,2003024,240103,BTN0005137,240102,2002024,155448
A069693,"12",D1,2002024,240102,2003024,240103,BTN7500894,240102,2002024,160157
A071531,"12",SU,2002024,240102,2003024,240103,BTN0005137,240102,2002024,161933
A070948,"20",G3,2002024,240102,2003024,240103,BTN0003350,240102,2002024,163044
A070045,"12",SM,2002024,240102,2003024,240103,BTN0002190,240102,2002024,164009
A069978,"20",G2,2002024,240102,2003024,240103,BTN0002190,240102,2002024,165144
A071510,"12",SU,2002024,240102,2003024,240103,BTN0005137,240102,2002024,171411
Y020586,"20",G3,2002025,250102,2003025,250103,BTN8130044,250102,2002025,80506
E034056,"12",D1,2002025,250102,2003025,250103,BTN8130044,250102,2002025,95429
A070426,"12",D1,2002025,250102,2003025,250103,BTN0003350,250102,2002025,110122
S130613,"20",G4,2002025,250102,2003025,250103,BTN8130044,250102,2002025,111849
A070672,"12",S1,2002025,250102,2009025,250109,BTN0004778,230707,2007204,165703
A070498,"12",S1,2002025,250102,2003025,250103,BTN0003350,250102,2002025,140022
A070346,"20",G3,2002025,250102,2003025,250103,BTN0003350,250102,2002025,150300
A069883,"12",SU,2002025,250102,2003025,250103,BTN0005137,250102,2002025,153708
A070080,"12",D1,2002025,250102,2003025,250103,BTN0005137,250102,2002025,160704
A069711,"12",SM,2002025,250102,2003025,250103,BTN0005137,250102,2002025,161834
A070106,"12",SD,2002025,250102,2003025,250103,BTN0002190,250102,2002025,162912
A075109,"12",S1,2002025,250102,2003025,250103,BTN0002190,250102,2002025,164316
A069990,"12",D1,2002025,250102,2003025,250103,BTN0002190,250102,2002025,165144
A069378,"20",G4,2002025,250102,2003025,250103,BTN0003350,250102,2002025,170642
K017284,"20",G3,2002025,250102,2003025,250103,BTN8130044,250102,2002025,171856
A071397,"12",SU,2002025,250102,2003025,250103,BTN0005137,250102,2002025,172222
S129356,"12",D1,2002025,250102,2003025,250103,BTN8130044,250102,2002025,174507
A070069,"12",SM,2002025,250102,2003025,250103,BTN0005137,250102,2002025,175935
B019919,"12",SU,2002025,250102,2003025,250103,BTN0005137,250102,2002025,183119
B019952,"20",G3,2002025,250102,2003025,250103,BTN0005137,250102,2002025,184248
S130154,"20",G3,2002028,280102,2003028,280103,BTN8130044,280102,2002028,124111
C007291,"12",D1,2002028,280102,2003028,280103,BTN8130044,280102,2002028,144936
B021566,"12",S1,2002028,280102,2003028,280103,BTN0002190,280102,2002028,151158
B019932,"20",G3,2002028,280102,2003028,280103,BTN7500894,280102,2002028,152212
M038366,"16",P1,2001304,311001,2002304,311002,BTN0004856,311001,2001304,141606
F006911,"22",L3,2001304,311001,2002304,311002,BTN0005428,311001,2001304,160759
H019465,"20",G1,2001310,61101,2002310,61102,BTN0523917,61101,2001310,121916
F012798,"18",B ,2001330,261101,2002330,261102,BTN0004777,261101,2001330,94029
D037083,"40",P1,2001330,261101,2002330,261102,BTN0004777,261101,2001330,100743
D037060,"11",DV,2001330,261101,2002330,261102,BTN0004777,261101,2001330,112134
O003665,"18",C ,2001333,291101,2002333,291102,BTN0001529,291101,2001333,133626
O003665,"42",D1,2001333,291101,2002333,291102,BTN0001529,291101,2001333,133953
A069478,"18",A ,2001334,301101,2002334,301102,BTN0004756,301101,2001334,143128
R017591,"20",G2,2002009,90102,2003009,90103,BTN0004637,90102,2002009,103942
A048880,"12",D1,2001323,191101,2003010,100103,BTN0002078,100102,2002010,91530
Y014237,"12",D1,2001323,191101,2003011,110103,BTN0002078,110102,2002011,161900
A070645,"12",SU,2002015,150102,2003015,150103,BTN0005137,150102,2002015,161451
A071074,"20",G5,2002016,160102,2003016,160103,BTN0005137,160102,2002016,141421
A070691,"12",SU,2002016,160102,2003016,160103,BTN0005137,160102,2002016,153532
D036848,"20",G4,2002022,220102,2003022,220103,BTN8130044,220102,2002022,93338
A071045,"12",D1,2002022,220102,2003022,220103,BTN8130044,220102,2002022,113602
R041537,"20",G2,2002022,220102,2003022,220103,BTN8130044,220102,2002022,140435
A070810,"20",G3,2002022,220102,2003022,220103,BTN8130044,220102,2002022,152603
S129802,"12",SD,2002022,220102,2003022,220103,BTN8130044,220102,2002022,161655
P017282,"20",G2,2002023,230102,2003023,230103,BTN8130044,230102,2002023,93250
P017268,"20",G3,2002023,230102,2003023,230103,BTN8130044,230102,2002023,94648
P017303,"12",SD,2002023,230102,2003023,230103,BTN8130044,230102,2002023,101309
P017199,"12",SU,2002023,230102,2003023,230103,BTN8130044,230102,2002023,103315
P016980,"12",SM,2002023,230102,2003023,230103,BTN8130044,230102,2002023,104856
I018641,"12",D1,2002023,230102,2003023,230103,BTN0002078,230102,2002023,112931
P018206,"12",SU,2002023,230102,2003023,230103,BTN8130044,230102,2002023,115237
C007376,"20",G4,2002023,230102,2003023,230103,BTN8130044,230102,2002023,133126
J015653,"12",SM,2002023,230102,2003023,230103,BTN8130044,230102,2002023,141107
T030668,"12",D1,2002023,230102,2003023,230103,BTN8130044,230102,2002023,145840
T030432,"12",SU,2002023,230102,2003023,230103,BTN8130044,230102,2002023,152402
T030692,"20",G4,2002023,230102,2003023,230103,BTN8130044,230102,2002023,154906
T030694,"20",G4,2002023,230102,2003023,230103,BTN8130044,230102,2002023,162712
T030385,"12",S1,2002023,230102,2003023,230103,BTN8130044,230102,2002023,171059
F012429,"12",D1,2002023,230102,2003023,230103,BTN8130044,230102,2002023,173722
A069898,"20",G2,2002023,230102,2003023,230103,BTN0005137,230102,2002023,181321
A069979,"12",S1,2002023,230102,2003023,230103,BTN0002190,230102,2002023,182437
A069888,"12",S1,2002023,230102,2003023,230103,BTN0002190,230102,2002023,184118
A071430,"12",D1,2002023,230102,2003023,230103,BTN0005137,230102,2002023,194050
T030282,"12",SU,2002024,240102,2003024,240103,BTN8130044,240102,2002024,84946
T030592,"12",S1,2002024,240102,2003024,240103,BTN8130044,240102,2002024,94201
T029815,"20",G4,2002024,240102,2003024,240103,BTN8130044,240102,2002024,101733
T031655,"12",SU,2002024,240102,2003024,240103,BTN8130044,240102,2002024,103315
T030507,"20",G4,2002024,240102,2003024,240103,BTN8130044,240102,2002024,110716
T030012,"12",D1,2002024,240102,2003024,240103,BTN8130044,240102,2002024,133126
U007326,"12",SU,2002024,240102,2003024,240103,BTN0003917,240102,2002024,134223
T029942,"20",G4,2002024,240102,2003024,240103,BTN8130044,240102,2002024,140411
A070555,"12",D1,2002024,240102,2003024,240103,BTN8130044,240102,2002024,142940
A069205,"20",G4,2002024,240102,2003024,240103,BTN8130044,240102,2002024,145633
A069882,"12",SD,2002024,240102,2003024,240103,BTN0005137,240102,2002024,153041
A070383,"12",SU,2002024,240102,2003024,240103,BTN8130044,240102,2002024,155143
A070261,"12",S1,2002024,240102,2003024,240103,BTN8130044,240102,2002024,160036
A071395,"12",S1,2002024,240102,2003024,240103,BTN7500894,240102,2002024,161729
A070948,"12",S1,2002024,240102,2003024,240103,BTN0003350,240102,2002024,163031
A069849,"20",G2,2002024,240102,2003024,240103,BTN7500894,240102,2002024,164007
A069978,"12",S1,2002024,240102,2003024,240103,BTN0002190,240102,2002024,165114
A070040,"20",G3,2002024,240102,2003024,240103,BTN7500894,240102,2002024,171045
Y020586,"12",SU,2002025,250102,2003025,250103,BTN8130044,250102,2002025,80452
H011722,"20",G3,2002025,250102,2003025,250103,BTN8130044,250102,2002025,93634
A070445,"20",G2,2002025,250102,2003025,250103,BTN0003350,250102,2002025,104804
S130613,"12",SU,2002025,250102,2003025,250103,BTN8130044,250102,2002025,111835
P016833,"12",S2,2002025,250102,2003025,250103,BTN0002078,250102,2002025,125808
A074842,"12",SD,2002025,250102,2003025,250103,BTN0003350,250102,2002025,135442
A070346,"12",SU,2002025,250102,2003025,250103,BTN0003350,250102,2002025,150247
A069748,"12",SU,2002025,250102,2003025,250103,BTN0005137,250102,2002025,153333
A069874,"12",SU,2002025,250102,2003025,250103,BTN0005137,250102,2002025,160431
A070102,"20",G2,2002025,250102,2003025,250103,BTN0005137,250102,2002025,161407
A070078,"12",SM,2002025,250102,2003025,250103,BTN0002190,250102,2002025,162655
A069744,"12",SM,2002025,250102,2003025,250103,BTN0002190,250102,2002025,163748
A069825,"12",SU,2002025,250102,2003025,250103,BTN0005137,250102,2002025,165137
A069378,"12",S3,2002025,250102,2003025,250103,BTN0003350,250102,2002025,170616
A071014,"12",S1,2002025,250102,2003025,250103,BTN0003350,250102,2002025,171851
A070108,"12",S1,2002025,250102,2003025,250103,BTN0002190,250102,2002025,172221
S128271,"12",S1,2002025,250102,2003025,250103,BTN8130044,250102,2002025,173844
S130103,"20",G1,2002025,250102,2003025,250103,BTN8130044,250102,2002025,175402
A069726,"12",S2,2002025,250102,2003025,250103,BTN0002190,250102,2002025,181957
B019952,"12",SU,2002025,250102,2003025,250103,BTN0005137,250102,2002025,184238
S130154,"12",S1,2002028,280102,2003028,280103,BTN8130044,280102,2002028,124101
M063313,"12",SD,2002028,280102,2003028,280103,BTN8130044,280102,2002028,144751
B020042,"12",SU,2002028,280102,2003028,280103,BTN0002190,280102,2002028,150731
B019932,"12",S1,2002028,280102,2003028,280103,BTN7500894,280102,2002028,152156
P018321,"12",SU,2002028,280102,2003028,280103,BTN8130044,280102,2002028,153951
N032582,"20",G4,2002028,280102,2003028,280103,BTN8130044,280102,2002028,154258
B019929,"12",SU,2002028,280102,2003028,280103,BTN0002190,280102,2002028,155635
M068282,"12",SU,2002028,280102,2003028,280103,BTN8130044,280102,2002028,160235
B020393,"20",G2,2002028,280102,2003028,280103,BTN0002190,280102,2002028,160626
B019933,"12",SU,2002028,280102,2003028,280103,BTN0002190,280102,2002028,161513
D036072,"20",G4,2002028,280102,2003028,280103,BTN8130044,280102,2002028,162515
B020049,"12",SU,2002029,290102,2003029,290103,BTN8130044,290102,2002029,93936
T030292,"12",SM,2002029,290102,2003029,290103,BTN8130044,290102,2002029,115525
H033035,"20",G3,2002029,290102,2003029,290103,BTN8130044,290102,2002029,141246
S135439,"12",SU,2002029,290102,2003029,290103,BTN8130044,290102,2002029,151215
S130427,"12",S1,2002029,290102,2006029,290106,BTN0003350,190805,2005231,122024
H033130,"12",SU,2002079,200302,2003079,200303,BTN8130044,200302,2002079,153114
H032950,"12",S1,2002080,210302,2003080,210303,BTN8130044,210302,2002080,90631
V003714,"20",G2,2002080,210302,2003080,210303,BTN8130044,210302,2002080,103555
T030712,"12",SU,2002080,210302,2003080,210303,BTN8130044,210302,2002080,134121
H033261,"12",D1,2002080,210302,2003080,210303,BTN8130044,210302,2002080,150308
H035191,"12",D1,2002080,210302,2003080,210303,BTN8130044,210302,2002080,152152
E032150,"20",G3,2002081,220302,2003081,220303,BTN8130044,220302,2002081,93844
T030697,"20",G4,2002081,220302,2003081,220303,BTN0004327,220302,2002081,102123
S238535,"20",G5,2002081,220302,2003081,220303,BTN0002886,220302,2002081,112221
S238541,"12",S1,2002081,220302,2003081,220303,BTN8130044,220302,2002081,123148
A166814,"20",G3,2002081,220302,2003081,220303,BTN0004327,220302,2002081,134611
I062881,"12",S1,2002081,220302,2003081,220303,BTN8130044,220302,2002081,142546
W018247,"20",G3,2002029,290102,2003029,290103,BTN8130044,290102,2002029,153141
C007463,"20",G2,2002029,290102,2003029,290103,BTN0005137,290102,2002029,154013
D036367,"12",S1,2002029,290102,2003029,290103,BTN0005137,290102,2002029,161214
D036456,"12",S1,2002029,290102,2003029,290103,BTN0002190,290102,2002029,162324
D036498,"12",D1,2002029,290102,2003029,290103,BTN0002190,290102,2002029,163359
D036381,"12",S1,2002029,290102,2003029,290103,BTN7500894,290102,2002029,163931
D036437,"12",S1,2002029,290102,2003029,290103,BTN0002190,290102,2002029,165040
D036481,"12",SM,2002029,290102,2003029,290103,BTN0005137,290102,2002029,170412
E032198,"20",G3,2002029,290102,2003029,290103,BTN0003350,290102,2002029,193811
R041829,"12",S1,2002030,300102,2003030,300103,BTN0003350,300102,2002030,125324
D037388,"12",SU,2002030,300102,2003030,300103,BTN0005137,300102,2002030,162115
D036506,"12",SM,2002030,300102,2003030,300103,BTN0005137,300102,2002030,170028
E031945,"20",G3,2002030,300102,2003030,300103,BTN0003350,300102,2002030,173746
A069480,"20",G3,2002030,300102,2003030,300103,BTN0004327,300102,2002030,175211
S138165,"20",G3,2002030,300102,2003030,300103,BTN0003350,300102,2002030,185542
E031931,"20",G3,2002030,300102,2003030,300103,BTN0004327,300102,2002030,192515
L016608,"12",S1,2002030,300102,2003030,300103,BTN0004327,300102,2002030,195319
T030006,"12",SU,2002031,310102,2003031,310103,BTN8130044,310102,2002031,80504
T030662,"12",SU,2002031,310102,2003031,310103,BTN8130044,310102,2002031,82030
S130138,"20",G4,2002031,310102,2003031,310103,BTN0003350,310102,2002031,90226
J015781,"12",S1,2002031,310102,2003031,310103,BTN8130044,310102,2002031,94040
B021635,"12",SD,2002031,310102,2003031,310103,BTN8130044,310102,2002031,100110
S130206,"12",SU,2002031,310102,2003031,310103,BTN0003350,310102,2002031,101441
S127466,"20",G3,2002031,310102,2003031,310103,BTN0003350,310102,2002031,102845
T030716,"12",SU,2002031,310102,2003031,310103,BTN8130044,310102,2002031,112013
D036663,"12",D1,2002031,310102,2003031,310103,BTN8130044,310102,2002031,132038
A070570,"20",G4,2002031,310102,2003031,310103,BTN8130044,310102,2002031,133803
S137960,"12",S1,2002031,310102,2003031,310103,BTN0003350,310102,2002031,135232
I024188,"12",S1,2002031,310102,2003031,310103,BTN8130044,310102,2002031,141418
S130469,"12",SU,2002031,310102,2003031,310103,BTN0003350,310102,2002031,142719
S127341,"20",G3,2002031,310102,2003031,310103,BTN0003350,310102,2002031,143554
S130108,"20",G3,2002031,310102,2003031,310103,BTN0003350,310102,2002031,144949
D036393,"12",SU,2002031,310102,2003031,310103,BTN7500894,310102,2002031,164503
D037371,"12",SU,2002031,310102,2003031,310103,BTN0002190,310102,2002031,165301
D036490,"20",G3,2002031,310102,2003031,310103,BTN7500894,310102,2002031,170323
D036458,"12",S1,2002031,310102,2003031,310103,BTN7500894,310102,2002031,171727
S127881,"20",G2,2002031,310102,2003031,310103,BTN0003350,310102,2002031,192452
T030311,"12",SU,2002032,10202,2003032,10203,BTN8130044,10202,2002032,80204
A070863,"20",G3,2002032,10202,2003032,10203,BTN0004327,10202,2002032,91455
R041583,"20",G4,2002032,10202,2003032,10203,BTN0003350,10202,2002032,94329
R041560,"12",S1,2002032,10202,2003032,10203,BTN0003350,10202,2002032,102726
A071088,"12",SU,2002032,10202,2003032,10203,BTN0004327,10202,2002032,105249
A070558,"12",SU,2002032,10202,2003032,10203,BTN0004327,10202,2002032,110841
A075097,"20",G4,2002032,10202,2003032,10203,BTN0004327,10202,2002032,112040
R041798,"12",S1,2002032,10202,2003032,10203,BTN0003350,10202,2002032,120428
A071064,"12",SU,2002032,10202,2003032,10203,BTN0004327,10202,2002032,131828
A069075,"12",SU,2002032,10202,2003032,10203,BTN0004327,10202,2002032,134204
R041304,"12",D1,2002032,10202,2003032,10203,BTN0003350,10202,2002032,141216
A070461,"20",G3,2002032,10202,2003032,10203,BTN0004327,10202,2002032,142307
I025803,"12",D1,2002027,270102,2003032,10203,BTN0002078,10202,2002032,152531
A070137,"12",SU,2002032,10202,2003032,10203,BTN0004327,10202,2002032,164349
A069072,"12",SU,2002035,40202,2003035,40203,BTN0003350,40202,2002035,101839
D027960,"12",D1,2002015,150102,2003035,40203,BTN0004627,220103,2003022,101610
R041858,"20",G4,2002035,40202,2003035,40203,BTN0003350,40202,2002035,194416
M063899,"12",SD,2002036,50202,2003036,50203,BTN0003350,50202,2002036,84543
M068363,"12",SU,2002036,50202,2003036,50203,BTN0003917,50202,2002036,85723
E031821,"20",G3,2002036,50202,2003036,50203,BTN0003350,50202,2002036,92258
M038366,"22",L4,2001304,311001,2002304,311002,BTN0004856,311001,2001304,141704
S073058,"12",S1,2001299,261001,2002299,261002,BTN0523917,21101,2001306,103106
R026762,"12",D1,2001319,151101,2002319,151102,BTN0523917,151101,2001319,95123
D037083,"11",DV,2001330,261101,2002330,261102,BTN0004777,261101,2001330,100539
S130828,"20",G2,2001330,261101,2002330,261102,BTN0004777,261101,2001330,104154
O003665,"11",DK,2001333,291101,2002333,291102,BTN0001529,291101,2001333,133440
O003665,"21",I1,2001333,291101,2002333,291102,BTN0001529,291101,2001333,133745
A069478,"12",S1,2001334,301101,2002334,301102,BTN0004756,301101,2001334,142847
M067837,"20",G1,2001338,41201,2002338,41202,BTN0523917,41201,2001338,105647
S085585,"12",D1,2001358,241201,2003009,90103,BTN0002078,90102,2002009,152839
N032384,"20",G3,2002011,110102,2003011,110103,BTN0003917,110102,2002011,90659
M068201,"20",G1,2002014,140102,2003014,140103,BTN0003917,140102,2002014,153442
A070195,"12",SU,2002016,160102,2003016,160103,BTN0004327,160102,2002016,94549
A071032,"20",G4,2002016,160102,2003016,160103,BTN0005137,160102,2002016,151435
S129964,"12",S1,2002022,220102,2003022,220103,BTN8130044,220102,2002022,84653
S129622,"12",S1,2002022,220102,2003022,220103,BTN8130044,220102,2002022,101240
T030658,"20",G4,2002022,220102,2003022,220103,BTN8130044,220102,2002022,130106
Y020474,"12",SU,2002022,220102,2003022,220103,BTN8130044,220102,2002022,145421
M064607,"20",G2,2002022,220102,2003022,220103,BTN8130044,220102,2002022,160229
S130087,"20",G2,2002022,220102,2003022,220103,BTN8130044,220102,2002022,164943
P017313,"20",G3,2002023,230102,2003023,230103,BTN8130044,230102,2002023,94053
D036659,"20",G3,2002023,230102,2003023,230103,BTN8130044,230102,2002023,95159
P017243,"12",S1,2002023,230102,2003023,230103,BTN8130044,230102,2002023,102455
P017221,"12",S1,2002023,230102,2003023,230103,BTN8130044,230102,2002023,104107
P018168,"20",G3,2002023,230102,2003023,230103,BTN8130044,230102,2002023,110230
P016918,"12",SU,2002023,230102,2003023,230103,BTN8130044,230102,2002023,114242
P017223,"12",S1,2002023,230102,2003023,230103,BTN8130044,230102,2002023,131947
P017229,"20",G3,2002023,230102,2003023,230103,BTN8130044,230102,2002023,134119
P016960,"20",G3,2002023,230102,2003023,230103,BTN8130044,230102,2002023,141901
T030688,"12",SU,2002023,230102,2003023,230103,BTN8130044,230102,2002023,151053
T030386,"12",D1,2002023,230102,2003023,230103,BTN8130044,230102,2002023,153431
T030495,"20",G3,2002023,230102,2003023,230103,BTN8130044,230102,2002023,160953
T030300,"20",G4,2002023,230102,2003023,230103,BTN8130044,230102,2002023,163644
A069835,"12",S2,2002023,230102,2003023,230103,BTN0005137,230102,2002023,172251
B019680,"20",G4,2002023,230102,2003023,230103,BTN8130044,230102,2002023,174738
A070025,"12",S1,2002023,230102,2003023,230103,BTN0002190,230102,2002023,181912
A070011,"20",G3,2002023,230102,2003023,230103,BTN0002190,230102,2002023,182949
A069960,"20",G3,2002023,230102,2003023,230103,BTN0005137,230102,2002023,185154
T030581,"20",G3,2002024,240102,2003024,240103,BTN8130044,240102,2002024,82605
T029818,"20",G2,2002024,240102,2003024,240103,BTN8130044,240102,2002024,90637
T030293,"12",D1,2002024,240102,2003024,240103,BTN8130044,240102,2002024,95555
T030219,"12",SU,2002024,240102,2003024,240103,BTN8130044,240102,2002024,102147
T030371,"12",SU,2002024,240102,2003024,240103,BTN8130044,240102,2002024,105245
T030657,"20",G1,2002024,240102,2003024,240103,BTN8130044,240102,2002024,131903
T030719,"20",G4,2002024,240102,2003024,240103,BTN8130044,240102,2002024,133647
T030355,"12",D1,2002024,240102,2003024,240103,BTN8130044,240102,2002024,134926
T030410,"20",G3,2002024,240102,2003024,240103,BTN8130044,240102,2002024,141204
A074687,"12",D1,2002024,240102,2003024,240103,BTN8130044,240102,2002024,144130
A071095,"12",SU,2002024,240102,2003024,240103,BTN8130044,240102,2002024,151930
A069943,"12",D1,2002024,240102,2003024,240103,BTN0005137,240102,2002024,154250
A070028,"12",SU,2002024,240102,2003024,240103,BTN0002190,240102,2002024,155710
A070307,"20",G4,2002024,240102,2003024,240103,BTN8130044,240102,2002024,160441
A071516,"12",SU,2002024,240102,2003024,240103,BTN0005137,240102,2002024,162226
A069840,"12",SM,2002024,240102,2003024,240103,BTN0002190,240102,2002024,163403
A069886,"20",G2,2002024,240102,2003024,240103,BTN0002190,240102,2002024,164635
A069885,"12",S1,2002024,240102,2003024,240103,BTN0002190,240102,2002024,170303
A071447,"12",S1,2002024,240102,2003024,240103,BTN0002190,240102,2002024,172412
L016759,"20",G1,2002025,250102,2003025,250103,BTN8130044,250102,2002025,81458
A071008,"12",S1,2002025,250102,2003025,250103,BTN0003350,250102,2002025,100002
A070530,"12",SU,2002025,250102,2003025,250103,BTN0003350,250102,2002025,110722
A071063,"20",G3,2002025,250102,2003025,250103,BTN0003350,250102,2002025,112357
A070119,"12",SU,2002025,250102,2003025,250103,BTN0003350,250102,2002025,133023
A069325,"12",D1,2002025,250102,2003025,250103,BTN0003350,250102,2002025,145137
A070973,"20",G4,2002025,250102,2003025,250103,BTN0002190,250102,2002025,152142
A071536,"12",S1,2002025,250102,2003025,250103,BTN0002190,250102,2002025,154913
A069299,"12",S2,2002025,250102,2003025,250103,BTN0002190,250102,2002025,161102
A070008,"12",S1,2002025,250102,2003025,250103,BTN0002190,250102,2002025,162150
A071522,"12",SU,2002025,250102,2003025,250103,BTN0005137,250102,2002025,163413
A069896,"12",SU,2002025,250102,2003025,250103,BTN0005137,250102,2002025,164411
A070988,"12",SU,2002025,250102,2003025,250103,BTN0003350,250102,2002025,165748
A069812,"20",G1,2002025,250102,2003025,250103,BTN0005137,250102,2002025,170940
A071014,"20",G3,2002025,250102,2003025,250103,BTN0003350,250102,2002025,171933
N030745,"12",D1,2002025,250102,2003025,250103,BTN8130044,250102,2002025,173314
Z005081,"12",S1,2002025,250102,2003025,250103,BTN8130044,250102,2002025,174730
A069775,"12",SU,2002025,250102,2003025,250103,BTN0002190,250102,2002025,180447
B020414,"12",S1,2002025,250102,2003025,250103,BTN0002190,250102,2002025,183513
B019988,"12",SD,2002025,250102,2003025,250103,BTN0002190,250102,2002025,184843
M064192,"20",G2,2002028,280102,2003028,280103,BTN8130044,280102,2002028,124809
A070523,"20",G2,2002028,280102,2003028,280103,BTN8130044,280102,2002028,145420
B019926,"12",D1,2002028,280102,2003028,280103,BTN7500894,280102,2002028,151453
B019994,"20",G3,2002028,280102,2003028,280103,BTN7500894,280102,2002028,153026
T030272,"12",D1,2002023,230102,2003023,230103,BTN8130044,230102,2002023,165304
A069835,"20",G3,2002023,230102,2003023,230103,BTN0005137,230102,2002023,172312
A071505,"12",S1,2002023,230102,2003023,230103,BTN0002190,230102,2002023,180707
A070025,"20",G3,2002023,230102,2003023,230103,BTN0002190,230102,2002023,181920
A069986,"12",S1,2002023,230102,2003023,230103,BTN0002190,230102,2002023,183423
A071535,"12",D1,2002023,230102,2003023,230103,BTN0005137,230102,2002023,185908
T030480,"12",SD,2002024,240102,2003024,240103,BTN8130044,240102,2002024,82935
T030384,"12",S1,2002024,240102,2003024,240103,BTN8130044,240102,2002024,91409
T030713,"12",S1,2002024,240102,2003024,240103,BTN8130044,240102,2002024,95901
T030219,"20",G3,2002024,240102,2003024,240103,BTN8130044,240102,2002024,102158
T030563,"12",SU,2002024,240102,2003024,240103,BTN8130044,240102,2002024,110104
T029927,"12",SU,2002024,240102,2003024,240103,BTN8130044,240102,2002024,132237
T029860,"12",SU,2002024,240102,2003024,240103,BTN8130044,240102,2002024,134003
T030607,"12",D1,2002024,240102,2003024,240103,BTN8130044,240102,2002024,135642
T030429,"12",SU,2002024,240102,2003024,240103,BTN8130044,240102,2002024,141446
A074687,"20",G4,2002024,240102,2003024,240103,BTN8130044,240102,2002024,144143
A071095,"20",G2,2002024,240102,2003024,240103,BTN8130044,240102,2002024,151953
A070800,"12",SD,2002024,240102,2003024,240103,BTN8130044,240102,2002024,154727
A071055,"20",G4,2002024,240102,2003024,240103,BTN8130044,240102,2002024,155712
A071409,"12",S1,2002024,240102,2003024,240103,BTN0005137,240102,2002024,160833
A071546,"12",S1,2002024,240102,2003024,240103,BTN7500894,240102,2002024,162414
A070091,"12",S1,2002024,240102,2003024,240103,BTN7500894,240102,2002024,163549
A071303,"20",G4,2002024,240102,2003024,240103,BTN7500894,240102,2002024,164934
A069885,"20",G3,2002024,240102,2003024,240103,BTN0002190,240102,2002024,170314
A069826,"12",SU,2002024,240102,2003024,240103,BTN0005137,240102,2002024,172537
M064499,"12",SU,2002025,250102,2003025,250103,BTN8130044,250102,2002025,91417
A071008,"20",G3,2002025,250102,2003025,250103,BTN0003350,250102,2002025,100100
A070530,"20",G2,2002025,250102,2003025,250103,BTN0003350,250102,2002025,110748
B019654,"12",SU,2002025,250102,2003025,250103,BTN8130044,250102,2002025,112958
A070119,"20",G3,2002025,250102,2003025,250103,BTN0003350,250102,2002025,133041
A069325,"20",G3,2002025,250102,2003025,250103,BTN0003350,250102,2002025,145201
A069895,"12",SM,2002025,250102,2003025,250103,BTN0005137,250102,2002025,152223
A071536,"20",G4,2002025,250102,2003025,250103,BTN0002190,250102,2002025,154925
A069299,"20",G3,2002025,250102,2003025,250103,BTN0002190,250102,2002025,161112
A070008,"20",G4,2002025,250102,2003025,250103,BTN0002190,250102,2002025,162202
A071522,"20",G1,2002025,250102,2003025,250103,BTN0005137,250102,2002025,163426
A070076,"12",SU,2002025,250102,2003025,250103,BTN0002190,250102,2002025,164557
A070988,"20",G3,2002025,250102,2003025,250103,BTN0003350,250102,2002025,165822
A071526,"12",S1,2002025,250102,2003025,250103,BTN0002190,250102,2002025,170951
A071528,"20",G4,2002025,250102,2003025,250103,BTN0005137,250102,2002025,171935
A069983,"12",S1,2002025,250102,2003025,250103,BTN0005137,250102,2002025,173524
Z005081,"20",G3,2002025,250102,2003025,250103,BTN8130044,250102,2002025,174752
A069745,"12",SU,2002025,250102,2003025,250103,BTN0005137,250102,2002025,180843
B020414,"20",G3,2002025,250102,2003025,250103,BTN0002190,250102,2002025,183526
R044273,"12",SU,2002028,280102,2003028,280103,BTN8130044,280102,2002028,120709
Y020532,"12",S1,2002028,280102,2003028,280103,BTN8130044,280102,2002028,131309
D036016,"12",S1,2002028,280102,2003028,280103,BTN8130044,280102,2002028,145945
B019926,"20",G4,2002028,280102,2003028,280103,BTN7500894,280102,2002028,151505
C007390,"12",S1,2002028,280102,2003028,280103,BTN8130044,280102,2002028,153320
Y020297,"12",S1,2002028,280102,2003028,280103,BTN0002190,280102,2002028,154030
S130391,"20",G4,2002028,280102,2003028,280103,BTN8130044,280102,2002028,154819
N032580,"12",SU,2002028,280102,2003028,280103,BTN8130044,280102,2002028,160050
B020410,"20",G2,2002028,280102,2003028,280103,BTN7500894,280102,2002028,160437
B019936,"12",SU,2002028,280102,2003028,280103,BTN7500894,280102,2002028,160812
B020420,"20",G4,2002028,280102,2003028,280103,BTN0002190,280102,2002028,161740
Y020575,"20",G3,2002029,290102,2003029,290103,BTN8130044,290102,2002029,90228
E032002,"20",G4,2002029,290102,2003029,290103,BTN8130044,290102,2002029,104353
R041836,"20",G4,2002029,290102,2003029,290103,BTN8130044,290102,2002029,134847
Z002421,"12",S1,2002029,290102,2003029,290103,BTN8130044,290102,2002029,144622
H035234,"12",SU,2002029,290102,2003029,290103,BTN8130044,290102,2002029,151902
C007277,"12",SU,2002029,290102,2003029,290103,BTN0005137,290102,2002029,152900
D036465,"12",SM,2002029,290102,2003029,290103,BTN0002190,290102,2002029,153502
D036446,"12",S1,2002029,290102,2003029,290103,BTN0002190,290102,2002029,155431
D036410,"12",S1,2002029,290102,2003029,290103,BTN0002190,290102,2002029,161620
D037319,"20",G2,2002029,290102,2003029,290103,BTN0002190,290102,2002029,162627
D036455,"20",G4,2002029,290102,2003029,290103,BTN0005137,290102,2002029,163421
D036467,"20",G7,2002029,290102,2003029,290103,BTN0005137,290102,2002029,164238
D037387,"20",G2,2002029,290102,2003029,290103,BTN0002190,290102,2002029,165312
T012340,"15",BE,2002029,290102,2003029,290103,BTN0693559,290102,2002029,190002
K017209,"12",SD,2002015,150102,2003030,300103,BTN0002078,300102,2002030,93655
S137967,"12",SU,2002015,150102,2003030,300103,BTN0002078,300102,2002030,155506
D037302,"20",G5,2002030,300102,2003030,300103,BTN0005137,300102,2002030,162534
S128677,"12",SU,2002030,300102,2003030,300103,BTN0003350,300102,2002030,172520
M063968,"12",S1,2002030,300102,2003030,300103,BTN0003350,300102,2002030,174447
Y020476,"20",G3,2002030,300102,2003030,300103,BTN0003350,300102,2002030,175839
N032610,"12",S1,2002030,300102,2003030,300103,BTN0003350,300102,2002030,191329
K017518,"12",S1,2002030,300102,2003030,300103,BTN0004327,300102,2002030,193552
L016333,"12",S1,2002031,310102,2003031,310103,BTN8130044,310102,2002031,75346
S128147,"12",SU,2002031,310102,2003031,310103,BTN8130044,310102,2002031,81303
J015680,"20",G3,2002031,310102,2003031,310103,BTN8130044,310102,2002031,84441
S127713,"12",S1,2002031,310102,2003031,310103,BTN0003350,310102,2002031,92127
M038366,"20",G4,2001304,311001,2002304,311002,BTN0004856,311001,2001304,141644
H019456,"20",G4,2001305,11101,2002305,11102,BTN0114452,11101,2001305,105938
R026752,"20",G2,2001312,81101,2002312,81102,BTN0523917,81101,2001312,113718
F012798,"41",H1,2001330,261101,2002330,261102,BTN0004777,261101,2001330,94126
S130828,"12",D1,2001330,261101,2002330,261102,BTN0004777,261101,2001330,104134
D037060,"20",G3,2001330,261101,2002330,261102,BTN0004777,261101,2001330,112204
O003665,"20",G3,2001333,291101,2002333,291102,BTN0001529,291101,2001333,133722
A069478,"11",ZZ,2001334,301101,2002334,301102,BTN0004756,301101,2001334,142827
M067837,"12",SU,2001338,41201,2002338,41202,BTN0523917,41201,2001338,105612
J010541,"12",SU,2001358,241201,2003009,90103,BTN0002078,90102,2002009,153052
N032384,"12",S1,2002011,110102,2003011,110103,BTN0003917,110102,2002011,90613
T032225,"20",G4,2002014,140102,2003014,140103,BTN0003917,140102,2002014,142918
S130486,"12",S1,2002016,160102,2008016,160108,BTN0009169,40907,2007247,164028
A070609,"20",G4,2002016,160102,2003016,160103,BTN0005137,160102,2002016,142101
I017878,"12",SU,2002017,170102,2003017,170103,BTN0002078,170102,2002017,73835
H032868,"12",SU,2002022,220102,2003022,220103,BTN8130044,220102,2002022,100821
T030658,"12",D1,2002022,220102,2003022,220103,BTN8130044,220102,2002022,130048
K017297,"20",G4,2002022,220102,2003022,220103,BTN8130044,220102,2002022,143213
M064607,"12",D1,2002022,220102,2003022,220103,BTN8130044,220102,2002022,160202
S130087,"12",SU,2002022,220102,2003022,220103,BTN8130044,220102,2002022,164925
P017313,"12",S1,2002023,230102,2003023,230103,BTN8130044,230102,2002023,94037
D036659,"12",S1,2002023,230102,2003023,230103,BTN8130044,230102,2002023,95146
P017217,"20",G2,2002023,230102,2003023,230103,BTN8130044,230102,2002023,102040
P017300,"20",G4,2002023,230102,2003023,230103,BTN8130044,230102,2002023,103738
P017251,"12",SU,2002023,230102,2003023,230103,BTN8130044,230102,2002023,105947
P018155,"20",G3,2002023,230102,2003023,230103,BTN8130044,230102,2002023,113011
P016968,"12",D1,2002023,230102,2003023,230103,BTN8130044,230102,2002023,131537
P017229,"12",S1,2002023,230102,2003023,230103,BTN8130044,230102,2002023,134104
P016960,"12",S1,2002023,230102,2003023,230103,BTN8130044,230102,2002023,141846
T030500,"12",S1,2002023,230102,2003023,230103,BTN8130044,230102,2002023,150554
T032326,"20",G2,2002023,230102,2003023,230103,BTN8130044,230102,2002023,152746
T030495,"12",S1,2002023,230102,2003023,230103,BTN8130044,230102,2002023,160918
T030297,"20",G2,2002023,230102,2003023,230103,BTN8130044,230102,2002023,163142
A069884,"12",S1,2002023,230102,2003023,230103,BTN0005137,230102,2002023,171703
B019680,"12",S1,2002023,230102,2003023,230103,BTN8130044,230102,2002023,174714
A069855,"20",G2,2002023,230102,2012023,230112,BTN8020169,140410,2010104,151302
A070011,"12",S1,2002023,230102,2003023,230103,BTN0002190,230102,2002023,182913
A069960,"12",S1,2002023,230102,2003023,230103,BTN0005137,230102,2002023,185139
T030581,"12",S1,2002024,240102,2003024,240103,BTN8130044,240102,2002024,82555
T029818,"12",S1,2002024,240102,2003024,240103,BTN8130044,240102,2002024,90603
T032190,"12",SM,2002024,240102,2003024,240103,BTN8130044,240102,2002024,94910
T030366,"20",G3,2002024,240102,2003024,240103,BTN8130044,240102,2002024,101947
T030400,"12",SU,2002024,240102,2003024,240103,BTN8130044,240102,2002024,104939
T030657,"12",SU,2002024,240102,2003024,240103,BTN8130044,240102,2002024,131851
T030719,"12",S1,2002024,240102,2003024,240103,BTN8130044,240102,2002024,133632
T030375,"20",G2,2002024,240102,2003024,240103,BTN8130044,240102,2002024,134604
T030410,"12",S1,2002024,240102,2003024,240103,BTN8130044,240102,2002024,141140
A069386,"12",SU,2002024,240102,2003024,240103,BTN8130044,240102,2002024,143319
A070130,"20",G3,2002024,240102,2003024,240103,BTN8130044,240102,2002024,151100
A070005,"12",SU,2002024,240102,2003024,240103,BTN0005137,240102,2002024,153719
A071055,"12",D1,2002024,240102,2003024,240103,BTN8130044,240102,2002024,155646
A070307,"12",D1,2002024,240102,2003024,240103,BTN8130044,240102,2002024,160418
A069723,"12",D1,2002024,240102,2003024,240103,BTN0002190,240102,2002024,162009
A069930,"12",S1,2002024,240102,2003024,240103,BTN7500894,240102,2002024,163315
A069886,"12",S1,2002024,240102,2003024,240103,BTN0002190,240102,2002024,164619
A069922,"12",SD,2002024,240102,2003024,240103,BTN0005137,240102,2002024,165714
A070051,"12",D1,2002024,240102,2003024,240103,BTN0002190,240102,2002024,172004
L016759,"12",SM,2002025,250102,2003025,250103,BTN8130044,250102,2002025,81443
E034056,"20",G3,2002025,250102,2003025,250103,BTN8130044,250102,2002025,95450
A070426,"20",G2,2002025,250102,2003025,250103,BTN0003350,250102,2002025,110153
A071063,"12",S1,2002025,250102,2003025,250103,BTN0003350,250102,2002025,112332
A070672,"20",G2,2002025,250102,2003025,250103,BTN0003350,250102,2002025,132403
A070498,"20",G3,2002025,250102,2003025,250103,BTN0003350,250102,2002025,140143
A070973,"12",D1,2002025,250102,2003025,250103,BTN0002190,250102,2002025,152125
A069926,"12",S1,2002025,250102,2003025,250103,BTN0005137,250102,2002025,154758
A075082,"12",SD,2002025,250102,2003025,250103,BTN0005137,250102,2002025,160952
A069711,"20",G4,2002025,250102,2003025,250103,BTN0005137,250102,2002025,161854
A069724,"12",SU,2002025,250102,2003025,250103,BTN0002190,250102,2002025,163218
A075109,"20",G2,2002025,250102,2003025,250103,BTN0002190,250102,2002025,164329
A069825,"20",G2,2002025,250102,2003025,250103,BTN0005137,250102,2002025,165147
A069812,"12",SU,2002025,250102,2003025,250103,BTN0005137,250102,2002025,170927
A071528,"12",D1,2002025,250102,2003025,250103,BTN0005137,250102,2002025,171921
A071397,"20",G2,2002025,250102,2003025,250103,BTN0005137,250102,2002025,172235
A069754,"12",S1,2002025,250102,2003025,250103,BTN0005137,250102,2002025,174722
A070014,"12",SU,2002025,250102,2003025,250103,BTN0002190,250102,2002025,180230
B019919,"20",G1,2002025,250102,2003025,250103,BTN0005137,250102,2002025,183132
B019977,"12",SU,2002025,250102,2003025,250103,BTN0002190,250102,2002025,184545
M064192,"12",S1,2002028,280102,2003028,280103,BTN8130044,280102,2002028,124752
A070523,"12",SU,2002028,280102,2003028,280103,BTN8130044,280102,2002028,145358
B021566,"20",G4,2002028,280102,2003028,280103,BTN0002190,280102,2002028,151210
B019994,"12",SU,2002028,280102,2003028,280103,BTN7500894,280102,2002028,153016
P018321,"20",G1,2002028,280102,2003028,280103,BTN8130044,280102,2002028,154016
B019979,"12",SD,2002028,280102,2003028,280103,BTN7500894,280102,2002028,154705
R044243,"12",D1,2002028,280102,2003028,280103,BTN8130044,280102,2002028,155658
M068282,"20",G3,2002028,280102,2003028,280103,BTN8130044,280102,2002028,160259
B021657,"12",S1,2002028,280102,2003028,280103,BTN8130044,280102,2002028,160630
B019933,"20",G2,2002028,280102,2003028,280103,BTN0002190,280102,2002028,161524
W016845,"12",S1,2002029,290102,2003029,290103,BTN8130044,290102,2002029,82749
B020049,"20",G3,2002029,290102,2003029,290103,BTN8130044,290102,2002029,94000
T030292,"20",G2,2002029,290102,2003029,290103,BTN8130044,290102,2002029,115542
T030295,"12",D1,2002029,290102,2003029,290103,BTN8130044,290102,2002029,143604
S135439,"20",G3,2002029,290102,2003029,290103,BTN8130044,290102,2002029,151227
S130427,"20",G4,2002029,290102,2003029,290103,BTN8130044,290102,2002029,152553
M038366,"11",DV,2001304,311001,2002304,311002,BTN0004856,311001,2001304,141539
F006911,"12",D1,2001304,311001,2002304,311002,BTN0005428,311001,2001304,160724
H019465,"12",SU,2001310,61101,2002310,61102,BTN0523917,61101,2001310,121840
F012798,"16",P2,2001330,261101,2002330,261102,BTN0004777,261101,2001330,94016
D037083,"20",G3,2001330,261101,2002330,261102,BTN0004777,261101,2001330,100639
W017291,"12",D1,2001330,261101,2002330,261102,BTN0004777,261101,2001330,105657
O003665,"16",P2,2001333,291101,2002333,291102,BTN0001529,291101,2001333,133551
O003665,"41",H1,2001333,291101,2002333,291102,BTN0001529,291101,2001333,133922
A069478,"15",BC,2001334,301101,2002334,301102,BTN0004756,301101,2001334,142938
R017591,"12",SD,2002009,90102,2003009,90103,BTN0004637,90102,2002009,103918
O002350,"12",SU,2001355,211201,2003009,90103,BTN0002078,90102,2002009,161834
U004560,"12",SD,2001348,141201,2003011,110103,BTN0002078,110102,2002011,151535
A070388,"20",G4,2002015,150102,2003015,150103,BTN0005137,150102,2002015,160059
A071074,"12",S1,2002016,160102,2003016,160103,BTN0005137,160102,2002016,141356
A070842,"20",G3,2002016,160102,2003016,160103,BTN0005137,160102,2002016,153218
D036848,"12",S1,2002022,220102,2003022,220103,BTN8130044,220102,2002022,93225
